policy.doc.name,section.name,policy.statement,ostrom.statement.class,rule.category,rule.subcategory,cost.incurred.by,benefit.accrued.to
Incubator Policy,podling reporting,each podling in incubation must report to the incubator pmc.,information,project,risk mitigation,podling,Apache
Incubator Policy,podling reporting,"podlings shall report monthly for their first three months, after that quarterly.",information,project,risk mitigation,podling,Apache
Incubator Policy,podling reporting,"the incubator pmc may, at their discretion, ask a podlings to report more frequently.",choice,project,risk mitigation,podling,Apache
Incubator Policy,podling reporting,"the ppmc with the mentor(s) help, must produce a report for the incubator pmc detailing overall progress toward graduation and any issues the podling has encountered.",information,project,risk mitigation,podling,Apache
Incubator Policy,website,there are restrictions on where podlings can host their websites and what branding they can use on them.,choice,project,infrastructure,podling,Apache
Incubator Policy,branding,there are restrictions about how podlings can use their own and other asf brands and names.,choice,project,Apache protection,podling,Apache
Incubator Policy,publicity,"there are some restrictions about how podlings can advertise themselves, especially in press releases related to podlings.",choice,project,Apache protection,podling,Apache
Incubator Policy,disclaimers,"podling web sites must include a clear disclaimer on their website and in all documentation, releases and release announcements stating that they are in incubation.",information,project,Apache protection,podling,Apache
Incubator Policy,disclaimers,a podling has a choice of two disclaimers: a standard disclaimer or a work-in-progress disclaimer.,choice,project,risk mitigation,Apache,podling
Incubator Policy,disclaimers,podlings wishing to use a different disclaimer message must have the incubator pmc approve it before use.,aggregation,project,Apache protection,Apache,podling
Incubator Policy,standard disclaimer,podlings wanting to follow all asf policy on releases should use the following text for all disclaimers (replace the underlined text as appropriate):,information,project,Apache protection,podling,Apache
Incubator Policy,standard disclaimer,"apache podling-name is an effort undergoing incubation at the apache software foundation (asf), sponsored by the name of apache tlp sponsor .",,,,,
Incubator Policy,standard disclaimer,"incubation is required of all newly accepted projects until a further review indicates that the infrastructure, communications, and decision making process have stabilized in a manner consistent with other successful asf projects.",,,,,
Incubator Policy,standard disclaimer,"while incubation status is not necessarily a reflection of the completeness or stability of the code, it does indicate that the project has yet to be fully endorsed by the asf.",,,,,
Incubator Policy,standard disclaimer,"for releases, the text should be included in a separate disclaimer file stored alongside the notice and license files.",,,,,
Incubator Policy,work in progress disclaimer,podling wishing to make releases that may not follow all asf policy should use the following disclaimer (replace the underlined text where needed):,information,project,Apache protection,Apache,podling
Incubator Policy,work in progress disclaimer,"apache podling-name is an effort undergoing incubation at the apache software foundation (asf), sponsored by the name of apache tlp sponsor .",,,,,
Incubator Policy,work in progress disclaimer,"incubation is required of all newly accepted projects until a further review indicates that the infrastructure, communications, and decision-making process have stabilized in a manner consistent with other successful asf projects.",,,,,
Incubator Policy,work in progress disclaimer,"while incubation status is not necessarily a reflection of the completeness or stability of the code, it does indicate that the project has yet to be fully endorsed by the asf.",,,,,
Incubator Policy,work in progress disclaimer,some of the incubating project's releases may not be fully compliant with asf policy.,,,,,
Incubator Policy,work in progress disclaimer,"for example, releases may have incomplete or un-reviewed licensing conditions.",,,,,
Incubator Policy,work in progress disclaimer,what follows is a list of issues the project is currently aware of (this list is likely to be incomplete):,,,,,
Incubator Policy,work in progress disclaimer,list of known issues goes here,,,,,
Incubator Policy,work in progress disclaimer,"if you are planning to incorporate this work into your product/project, please be aware that you will need to conduct a thorough licensing review to determine the overall implications of including this work.",,,,,
Incubator Policy,work in progress disclaimer,"for the current status of this project through the apache incubator, visit: https://incubator.apache.org/projects/ apache podling-name .html",,,,,
Incubator Policy,work in progress disclaimer,"for releases, the text should be included in a separate disclaimer-wip file stored alongside the notice and license files.",,,,,
Incubator Policy,releases,the podling can make non-asf releases while incubating as long as it is moving towards making asf releases.,choice,project,risk mitigation,Apache,podling
Incubator Policy,releases,podlings must not perform any asf releases of software without the approval of the incubator pmc.,aggregation,project,release management,podling,Apache
Incubator Policy,releases,"when a podling decides it wants to make an asf release, the podling must hold a vote on their public dev list.",aggregation,project,release management,podling,podling
Incubator Policy,releases,at least three +1 votes are required (see the apache voting process page) and more +1 votes than -1 votes.,aggregation,project,release management,podling,podling
Incubator Policy,releases,"if the vote passes, the podling must send a summary of that vote to the incubator's general list and request that the incubator pmc approve the release.",aggregation,project,release management,Apache,Apache
Incubator Policy,releases,three +1 incubator pmc votes are required to approve a release.,aggregation,project,release management,Apache,Apache
Incubator Policy,releases,"should the incubator pmc vote to approve a release, the podling may make that release available to the public under these conditions:",choice,project,release management,podling,Apache
Incubator Policy,releases,"the release archive(s) must include the word ""incubating"" in the filename.",,,,,
Incubator Policy,releases,"the release archive(s) must contain a disclaimer (see above), which should be placed in a disclaimer or disclaimer-wip file.",,,,,
Incubator Policy,releases,releases for the podling must be distributed through http://www.apache.org/dist/incubator/ podling. ,,,,,
Incubator Policy,releases,the podling may choose to distribute approved releases through other channels by following the guidelines here .,choice,project,release management,podling,podling
Incubator Policy,adding ppmc members,"after voting someone into the ppmc on the ppmc private list, the podling must send a notice email to the private@incubator list.",information,project,project governance,podling,Apache
Incubator Policy,adding ppmc members,the ppmc must wait for 72 hours before inviting the new ppmc member to join the ppmc.,choice,project,project governance,podling,Apache
Incubator Policy,joining the ipmc,"as with all pmcs, new the ipmc votes on proposed members on the private@incubator list.",aggregation,incubation,Apache governance,Apache,Apache
Incubator Policy,joining the ipmc,"after a vote has finished, the ipmc must send a notice email to the board",information,incubation,Apache governance,Apache,Apache
Incubator Policy,joining the ipmc,and then wait for 72 hours before inviting the proposed member.,choice,incubation,Apache governance,Apache,Apache
Incubator Policy,joining the ipmc,"any asf member can ask to be an ipmc member, without a vote, but the ipmc must still give notice to the board.",boundary,incubation,Apache governance,Apache,Apache
Incubator Policy,termination,the incubator pmc should notify a podling of any policy violations.,choice,incubation,risk mitigation,Apache,podling
Incubator Policy,termination,it may consider termination of a podling that does not correct such violations.,payoff,incubation,Apache protection,Apache,Apache
Community Guide,what is an open and diverse community?,a major criterion for podling graduation to top level project (tlp) status is to have developed an open and diverse meritocratic community.,scope,project,graduation criteria,podling,podling
Community Guide,people,"as a project grows, it needs to renew itself by accepting new committers.",choice,project,risk mitigation,podling,podling
Community Guide,people,a project needs to learn how it can recruit new developers and committers into the community.,choice,project,risk mitigation,podling,podling
Community Guide,people,the openness of the community is not only measured by the number of contributors.,scope,project,risk mitigation,podling,podling
Community Guide,people,open and respectful discussions on the mailing lists are vital.,scope,project,risk mitigation,podling,podling
Community Guide,people,community members must learn ways to resolve technical conflicts without destroying personal relationships.,choice,project,risk mitigation,podling,podling
Community Guide,communication,email lists are the lifeblood of apache communities. they are the primary mode of discourse and constitute a public and historical record of the project.,information,project,communication,podling,podling
Community Guide,communication,"other forms of communication (p2p, f2f, personal emails, instant messaging platform posts, and so on) are secondary.",information,project,communication,podling,podling
Community Guide,communication,"if a project uses alternative forms of communication, it is essential to try to minimize the chances of problems arising.",choice,project,communication,podling,podling
Community Guide,communication,all matters of substance need to move back to the email lists.,information,project,communication,podling,podling
Community Guide,communication,"projects need to preserve, and post back to the lists, significatn conversation threads in other channels.",information,project,communication,podling,podling
Community Guide,communication,project should post regular reminders that other secondary forms of communication exist.,information,project,communication,podling,podling
Community Guide,communication,"there is a limited number of topics, such as security issues and discussions about people, which it is best to handl in private.",information,project,communication,podling,podling
Community Guide,communication,"as much business of the project as possible should take place on public lists, but the private list is available for matters of a sensitive nature.",information,project,communication,podling,podling
Community Guide,communication,good netiquette requires that you seek permission from the poster before making public posts made to a private list.,aggregation,project,communication,podling,podling
Community Guide,community building,"before a podling graduates, it must create a diverse and self-sustaining community.",scope,project,risk mitigation,podling,podling
Community Guide,community building,"to address this challenge, committers may need to devote more time to community-building and less to development.",choice,project,risk mitigation,podling,podling
Community Guide,community building,"if the podling's software has lots of users but very few new developers, the community needs to do more work to encourage users to become developers.",choice,project,risk mitigation,podling,podling
Community Guide,community building,"however, once a project gains momentum, it may be more productive for the long-term health of a project to encourage users to propose solutions to non-critical problems and, thus, become more involved.",choice,project,risk mitigation,podling,podling
Community Guide,community building,try to encourage expert users to answer questions.,choice,project,risk mitigation,podling,podling
Community Guide,community building,try to encourage users to become developers.,choice,project,risk mitigation,podling,podling
Community Guide,community building,"when they give a good answer that the documentation doesn't cover, ask them to submit a patch.",choice,project,risk mitigation,podling,podling
Community Guide,community building,"when users suggest a good design or extension, ask for volunteers to help implement it rather than just coding it up.",choice,project,risk mitigation,podling,podling
Community Guide,helping developers become committers,"to become an apache committer, a developer needs to hang around long enough to accumulate a track record of contributions.",boundary,project,project governance,,podling
Community Guide,helping developers become committers,it may also be that the committer bar is set too high.,boundary,project,project governance,,podling
Community Guide,helping developers become committers,promptly reviewing patches or pull requests is essential.,choice,project,project governance,podling,podling
Community Guide,helping developers become committers,provide credit in the commit message and when closing the issue.,information,project,project governance,podling,podling
Community Guide,helping developers become committers,it's also good to encourage developers by suggesting new related work they may like to volunteer to work on.,choice,project,risk mitigation,podling,podling
PPMC Guide,podling project management committee (ppmc),each podling project management committee (ppmc) helps its podling learn how to govern itself.,choice,project,risk mitigation,podling,podling
PPMC Guide,podling project management committee (ppmc),"initially, it is composed of the podling's mentors and the initial committers.",position,project,project governance,podling,podling
PPMC Guide,podling project management committee (ppmc),"the ppmc is directly responsible for the oversight of the podling, and it also decides who to add as a ppmc member.",choice,project,project governance,podling,podling
PPMC Guide,private email list,a private email list named private@ project lets the ppmc discuss confidential topics.,information,project,communication,Apache,podling
PPMC Guide,private email list,most communication should be on the podling's dev list!,information,project,communication,,
PPMC Guide,private email list,"the private list is only for confidential discussions that should not be made public, such as the suitability of a particular individual to become a committer or a member of the ppmc.",information,project,communication,,
PPMC Guide,private email list,the mentors should verify that all ppmc members are subscribed to the private list.,choice,incubation,roles and responsibilities,,
PPMC Guide,private email list,"each member of the ppmc should be on the dev list, so posting to dev is sufficient.",information,project,communication,,
PPMC Guide,private email list,"each member of the incubator pmc is on the incubator general list, so posting to the general list is sufficient.",information,incubation,communication,,
PPMC Guide,podling status reports,"on a monthly basis, the ipmc collects reports from each incubating project and sends them to the asf board.",information,incubation,communication,podling,Apache
PPMC Guide,podling status reports,watch the incubator general email list for when these become due.,information,project,communication,podling,Apache
PPMC Guide,podling status reports,the incubator report includes the status of a subset of the incubating projects.,information,incubation,risk mitigation,podling,Apache
PPMC Guide,podling status reports,"currently, new podlings report to the incubator monthly for the first three months, then quarterly after that.",information,project,risk mitigation,podling,Apache
PPMC Guide,podling status reports,the ppmc does not have to fill out the report itself; the ppmc is just responsible for making sure that it gets filled out.,choice,project,roles and responsibilities,podling,podling
PPMC Guide,podling status reports,it is better to discuss the report on the dev list and ask everyone to contribute to it.,information,project,project governance,podling,podling
PPMC Guide,podling status reports,"if mentors disagree with the posted report, they should say so; otherwise, the incubator pmc assumes that the report speaks for the community.",choice,project,project governance,Apache,Apache
PPMC Guide,podling status reports,mentors must sign off on podling reports.,choice,incubation,Apache governance,Apache,Apache
PPMC Guide,podling status reports,"- if there is no mentor sign off, the ipmc will not accept the report from that podling; it will have to submit a new report in the following month.",payoff,incubation,Apache governance,podling,Apache
PPMC Guide,podling status reports,add your podling reports to the incubator wiki:,information,project,communication,podling,Apache
PPMC Guide,podling status reports,- add each podling report to the incubator wiki,,,,,
PPMC Guide,podling status reports,"- follow the instructions in your report reminder, and post on the month year page, with the provided template",,,,,
PPMC Guide,project status page,"in addition to the quarterly status reports, each podling has a page on the incubator web site that tracks its status (see the complete list for examples).",information,project,communication,Apache,Apache
PPMC Guide,maintaining the podling roster,maintain your podling roster in whimsy podling roster .,information,project,infrastructure,podling,Apache
PPMC Guide,adding committers,"adding committers is one of the most important functions of any pmc, including incubator podlings.",choice,project,risk mitigation,podling,podling
PPMC Guide,adding committers,there are no asf-wide rules on how to decide when to invite someone to become a committer. experience shows that it's best to keep the bar low.,,,,,
PPMC Guide,adding committers,"most projects use formal [discuss] and [vote] threads on the private email list, and others use a more ""lazy"" consensus approach.",aggregation,project,project governance,podling,podling
PPMC Guide,adding committers,the podling incubator reports should document any committers added since the previous report.,information,project,communication,podling,Apache
PPMC Guide,adding committers,"if the podling decides in favor of the potential committer, it offers committership to the nominee.",choice,project,project governance,podling,podling
PPMC Guide,adding committers,"if the nominee accepts the responsibility of being a committer for the project, the nominee formally becomes an apache committer.",boundary,project,project governance,,
PPMC Guide,adding committers,the proposer then asks an ipmc member (typically one of the mentors) to follow the documented procedures to complete the process.,choice,project,project governance,Apache,podling
PPMC Guide,adding committers,"if the nominee is already an apache committer on another project, the ipmc member can add the nominee as a committer on the podling via the whimsy podling roster .",,,,,
PPMC Guide,adding committers,"the proposer then directs the new committer to the apache developer's pages , to the apache incubator site and to the incubator committers guide for important additional information.",choice,project,roles and responsibilities,podling,podling
PPMC Guide,voting in a new ppmc member,it should be a goal of a podling to have all committers participate in the ppmc.,choice,project,project governance,podling,podling
PPMC Guide,voting in a new ppmc member,the ppmc should take an active role in watching committers develop as community participants.,choice,project,risk mitigation,podling,podling
PPMC Guide,voting in a new ppmc member,"they should identify those who are participating at a community level (not just a technical one), and approach them with an offer of ppmc membership.",choice,project,risk mitigation,podling,podling
PPMC Guide,voting in a new ppmc member,any member of the ppmc can propose a new member of the ppmc.,boundary,project,project governance,podling,podling
PPMC Guide,voting in a new ppmc member,"the proposal should be discussed in private on the ppmc's private email list, with a subject line of ""[discuss] joe bob ppmc membership"".",information,project,communication,,
PPMC Guide,voting in a new ppmc member,"if there is consensus that the proposed member is suitable, there should be a formal vote with the subject line of ""[vote] joe bob ppmc membership"" on the ppmc's private email list.",aggregation,project,project governance,podling,podling
PPMC Guide,voting in a new ppmc member,"if the vote is successful, a member of the ppmc sends a message to the ppmc private email list, with the subject line of ""[vote][result] joe bob ppmc membership"".",information,project,communication,podling,podling
PPMC Guide,voting in a new ppmc member,the nominating ppmc member should send a message to the ipmc ( private@incubator.apache.org ) with a reference to the vote result in the following form:,information,project,communication,podling,Apache
PPMC Guide,voting in a new ppmc member,to: private at incubator.apache.org,,,,,
PPMC Guide,voting in a new ppmc member,cc: private at podling.incubator.apache.org,,,,,
PPMC Guide,voting in a new ppmc member,subject: [notice] joe bob for podling ppmc,,,,,
PPMC Guide,voting in a new ppmc member,body:,,,,,
PPMC Guide,voting in a new ppmc member,joe bob has been voted as a new member of the *podling* ppmc. the vote thread is at: *link to the vote thread*,,,,,
PPMC Guide,voting in a new ppmc member,note that there is a grace period of 72 hours from when the ppmc sends the notice to the ipmc to when the ppmc should formally invite the proposed member.,choice,project,project governance,podling,Apache
PPMC Guide,voting in a new ppmc member,this is an important part of the overall process.,,,,,
PPMC Guide,voting in a new ppmc member,failure to do this can result in an embarassing situation for people involved.,payoff,project,project governance,,
PPMC Guide,voting in a new ppmc member,"in the email you send, replace podling with your podling's actual name, and replace joe bob with the person's actual name.",,,,,
PPMC Guide,voting in a new ppmc member,"after 72 hours, the ppmc should invite joe bob to join it, using message like this .",choice,project,communication,podling,podling
PPMC Guide,voting in a new ppmc member,"once the proposed member has accepted, a moderator for the ppmc mail list accepts the new member's subscription request.",choice,project,infrastructure,podling,podling
PPMC Guide,adding mentors,a mentor must be an ipmc member.,boundary,incubation,pre-requisite,Apache,Apache
PPMC Guide,adding mentors,people who are not ipmc members can still help out in an informal capacity.,choice,incubation,Apache governance,Apache,podling
PPMC Guide,adding mentors,ipmc members are free to volunteer to mentor a podling.,choice,incubation,risk mitigation,Apache,podling
PPMC Guide,adding mentors,"to do so, they should mail the podling stating their intentions.",information,incubation,communication,Apache,podling
PPMC Guide,adding mentors,the podling should then decide whether it wants to add the mentor.,choice,project,risk mitigation,podling,podling
PPMC Guide,adding mentors,"if the podling decides to add the mentor, it should do so in the whimsy podling roster .",information,project,infrastructure,podling,Apache
PPMC Guide,adding mentors,"if a podling is in a position where they feel they need a new mentor, they can drop an email on the general incubator email list to try to recruit a one.",choice,project,risk mitigation,podling,podling
PPMC Guide,removing a mentor,after discussing it with the ppmc you can have someone with access (another mentor) remove the mentor via whimsy.,choice,project,risk mitigation,podling,podling
PPMC Guide,ppmc and binding votes,the only time when a ppmc member's vote is binding is for the addition of new ppmc members and committers.,aggregation,project,project governance,podling,podling
PPMC Guide,ppmc and binding votes,release votes are only binding for ipmc members.,aggregation,incubation,project governance,Apache,podling
Apache Cookbook,does our project fit the apache incubator?,"donating your project to the asf means giving up control of it, and its trademarks if any.",boundary,project,pre-requisite,podling,Apache
Apache Cookbook,does our project fit the apache incubator?,"to give our ""podlings"" (incubating projects) the best chances of success, we usually ask them to enter the incubator with at least the start of a community built around an existing codebase.",boundary,project,pre-requisite,podling,podling
Apache Cookbook,what are the steps to becoming an apache software foundation top-level project?,"to achieve this, an incoming project (""podling"") goes through the following steps:",,,,,
Apache Cookbook,what are the steps to becoming an apache software foundation top-level project?,find a champion and incubation mentors and discuss and prepare an incubation proposal,choice,project,pre-requisite,podling,podling
Apache Cookbook,what are the steps to becoming an apache software foundation top-level project?,decide to incubate at the asf,choice,project,pre-requisite,podling,podling
Apache Cookbook,what are the steps to becoming an apache software foundation top-level project?,discuss the proposal with the incubator pmc,choice,project,pre-requisite,podling,podling
Apache Cookbook,what are the steps to becoming an apache software foundation top-level project?,"if needed, refine the list of initial committers and mentors in the proposal",choice,project,pre-requisite,podling,podling
Apache Cookbook,what are the steps to becoming an apache software foundation top-level project?,"if needed, refine the proposal based on incubator pmc feedback",choice,project,pre-requisite,podling,Apache
Apache Cookbook,what are the steps to becoming an apache software foundation top-level project?,let the incubator pmc vote on the proposal,aggregation,project,Apache governance,Apache,Apache
Apache Cookbook,what are the steps to becoming an apache software foundation top-level project?,set up the podling's infrastructure,choice,project,infrastructure,Apache,podling
Apache Cookbook,what are the steps to becoming an apache software foundation top-level project?,start building a community around the podling's code,choice,project,risk mitigation,podling,podling
Apache Cookbook,what are the steps to becoming an apache software foundation top-level project?,invite new committers and ppmc members,choice,project,risk mitigation,podling,podling
Apache Cookbook,what are the steps to becoming an apache software foundation top-level project?,make podling releases and document and refine both the code and the release process,choice,project,risk mitigation,podling,podling
Apache Cookbook,what are the steps to becoming an apache software foundation top-level project?,"when you feel ready to graduate, assess the podling's readiness with the incubation mentors",choice,project,project governance,podling,podling
Apache Cookbook,what are the steps to becoming an apache software foundation top-level project?,"if applicable, prepare the transfer of existing trademarks to the asf",choice,project,Apache protection,podling,Apache
Apache Cookbook,what are the steps to becoming an apache software foundation top-level project?,discuss graduation with the incubator pmc,choice,project,project governance,podling,podling
Apache Cookbook,what are the steps to becoming an apache software foundation top-level project?,"start the graduation vote with the incubator pmc, leading to an asf board resolution to establish the tlp",aggregation,project,Apache governance,Apache,podling
Apache Cookbook,communicating with the incubator,to communicate with the incubator pmc use the public link:+https://lists.apache.org/list.html?,information,project,communication,,
Apache Cookbook,finding a champion and mentors,"to enter the incubator, your project needs a champion and at least two or three mentors .",boundary,project,pre-requisite,Apache,podling
Apache Cookbook,finding a champion and mentors,"these people need to be part of the incubator pmc, which asf members can join just by asking.",boundary,incubation,Apache governance,Apache,Apache
Apache Cookbook,finding a champion and mentors,"the champion helps the incoming podling in the process of creating their proposal and acts as a liaison between the podling and the incubator pmc for the initial steps, at least until the podling's proposal is accepted.",position,incubation,roles and responsibilities,Apache,podling
Apache Cookbook,finding a champion and mentors,they may stay on to act as a mentor after that.,choice,incubation,roles and responsibilities,Apache,podling
Apache Cookbook,finding a champion and mentors,the mentors accompany the podling through all phases that lead to graduation as a top-level project.,position,incubation,risk mitigation,Apache,podling
Apache Cookbook,finding a champion and mentors,the starting point is usually to find a champion.,,,,,
Apache Cookbook,finding a champion and mentors,"for that you might write to the general@incubator.a.o list with a brief description of your project, with relevant links, mentioning that you are looking for a champion and trying to get people interested.",choice,project,communication,podling,podling
Apache Cookbook,finding a champion and mentors,"or, if you know any asf members or incubation mentors, ask them directly if they would be willing to help.",choice,project,communication,podling,podling
Apache Cookbook,creating an incubation proposal,the champion helps the podling prepare an incubation proposal that describes the incoming project for the initial discussions with the incubator pmc.,choice,incubation,roles and responsibilities,Apache,podling
Apache Cookbook,discussing the incubation proposal,"once the proposal is ready, the podling representatives send it to the general@incubator.a.o list for discussion, with a subject line like [discuss] foo proposal to raise the incubator pmc's attention.",information,incubation,Apache governance,podling,Apache
Apache Cookbook,discussing the incubation proposal,"once the discussion phase is finished, the champion or a podling representative starts a [vote] thread on the general@incubator.a.o list.",choice,incubation,Apache governance,podling,Apache
Apache Cookbook,discussing the incubation proposal,the vote happens according to the asf voting rules .,aggregation,incubation,Apache governance,Apache,Apache
Apache Cookbook,discussing the incubation proposal,"in short, it takes place on the incubator email list, lasts at least 72 hours, and is a majority vote by the incubator pmc members, with others being welcome to cast votes.",aggregation,incubation,Apache governance,Apache,Apache
Apache Cookbook,podling infrastructure setup,"once the incubator pmc votes to establish the podling, its infrastructure can be set up. usually, the champion or incubation mentors drive this process.",choice,project,roles and responsibilities,Apache,podling
Apache Cookbook,podling infrastructure setup,"however, it can also be driven by podling community members if they know how to proceed.",choice,project,roles and responsibilities,podling,podling
Apache Cookbook,publicity and announcements,project can not issue press releases or other public statements about joining the asf before the incubator pmc accepts the podling.,choice,project,Apache protection,podling,Apache
Apache Cookbook,publicity and announcements,there are also some restrictions about how podlings can advertise themselves and especially around press releases related to podlings.,choice,project,Apache protection,podling,Apache
Apache Cookbook,importing the initial code,"a specific process exists do donate code to the asf, which podlings also need to follow, based on software grants and/or cclas .",choice,incubation,Apache governance,podling,Apache
Apache Cookbook,community building,"during incubation, the podling is expected to build and expand its community, which includes voting in new committers and ppmc members.",choice,project,risk mitigation,podling,podling
Apache Cookbook,community building,discussions of candidates and votes happen on the podling's private ppmc mailing list.,information,project,communication,podling,podling
Apache Cookbook,podling releases,"during incubation, we expect a podling to make several software releases that gradually progress towards being fully conformant to the asf release policy .",choice,project,graduation criteria,podling,Apache
Apache Cookbook,podling releases,producing fully-conformant releases is a condition for graduation.,boundary,project,graduation criteria,podling,Apache
Apache Cookbook,podling releases,"podling releases must also include the word ""incubating"" in any release file names and include a disclaimer or disclaimer-wip as per the incubator releases guide , to prevent any confusion as to the project’s status.",choice,project,release management,podling,Apache
Apache Cookbook,two-phase vote on podling releases,voting on podling releases happens in two phases:,aggregation,project,project governance,podling,podling
Apache Cookbook,two-phase vote on podling releases,"first, the podling votes on the release on their dev mailing list.",aggregation,project,project governance,podling,podling
Apache Cookbook,two-phase vote on podling releases,"the vote is successful if there are at least three +1 votes from ppmc members, and more +1 than -1 votes from ppmc members.",aggregation,project,project governance,podling,podling
Apache Cookbook,two-phase vote on podling releases,"then, if that first vote is successful, the incubator pmc holds a vote on the incubator general mailing list.",aggregation,incubation,Apache governance,Apache,podling
Apache Cookbook,two-phase vote on podling releases,"this is required to make the vote an act of the foundation, as for all asf releases.",aggregation,incubation,Apache governance,Apache,Apache
Apache Cookbook,two-phase vote on podling releases,"report votes from the podling dev list to the incubator pmc vote in the incubator pmc [vote] message, by explicitly mentioning the podling vote result and including a lists.apache.org link to the podling vote tally. this allows votes from mentors and other incubator pmc members to be binding in the incubator pmc vote, without people having to vote twice.",information,project,communication,podling,Apache
Apache Cookbook,two-phase vote on podling releases,"both the podling and incubator votes follow the standard asf voting principles : they are majority votes that last at least 72 hours, and if people vote several times only their last vote counts.",aggregation,incubation,Apache governance,,
Apache Cookbook,graduation readiness assessment,"once the podling community starts feeling ready to graduate, they should make a self-assessment of that readiness.",choice,project,graduation criteria,podling,podling
Apache Cookbook,graduation readiness assessment,the maturity model maintained by the asf's community development pmc is a good canvas for that and can help discover things that might have been overlooked during incubation.,information,incubation,graduation criteria,Apache,podling
Apache Cookbook,graduation discussion,"once the community and its incubation mentors feel that the podling is ready to graduate, based on their readiness self-assessment, a mentor or a member of the ppmc starts a [discuss] thread on the incubator general email list, proposing graduation and asking the incubator pmc to review the podling.",information,project,risk mitigation,Apache,podling
Apache Cookbook,transfering trademarks to the asf,"if the people or organizations that donated the podling code to the asf own trademarks that the podling needs, they must transfer the trademarks to the asf before the podling can graduate.",choice,project,graduation criteria,podling,Apache
Apache Cookbook,graduation vote,"once the discussion dies down on the graduation proposal, a mentor or a member of the ppmc starts a [vote] thread on the incubator general mailing list, in which incubator pmc members cast their votes whether to recommend graduation to the asf's board of directors.",aggregation,project,risk mitigation,Apache,podling
Apache Cookbook,graduation vote,this vote follows the standard asf voting principles .,aggregation,incubation,Apache governance,,
Apache Cookbook,graduation vote,"it's a majority vote that lasts at least 72 hours, and if people vote several times only their last vote counts.",aggregation,incubation,Apache governance,,
Apache Cookbook,asf board resolution,"once the incubator pmc votes to graduate a podling, the ipmc sends the board resolution that was created for the vote to the asf's board of directors.",choice,incubation,Apache governance,Apache,podling
Apache Cookbook,asf board resolution,"the board vote is effective immediately, although the public minutes of the board meeting appear later, usually within a month.",aggregation,incubation,Apache governance,,
Apache Cookbook,post-graduation tasks,"once graduated, the podling needs to reflect its new status on the incubator status pages and make a few changes to its resources and processes.",choice,project,infrastructure,podling,podling
Mentor Guide,add to incubation summary file,"add the podling to the podling summary file in the ""incubator"" svn at content/podlings.xml (e.g. copy the entry from another podling that also has status=""current"") and see instructions .",choice,incubation,infrastructure,Apache,Apache
Mentor Guide,initialize podling status page,a mentor needs to create the web page that will track the project's status.,choice,project,infrastructure,Apache,Apache
Mentor Guide,initialize podling status page,a mentor will also need to update it until others in the project's ppmc can update it .,choice,project,roles and responsibilities,Apache,podling
Mentor Guide,initialize podling status page,the status page is the incubator's record of the progress made.,,,,,
Mentor Guide,initialize podling status page,it must be kept update to date during incubation.,choice,project,communication,podling,Apache
Mentor Guide,initialize podling status page,as the startup process continues and resources are created the status should be updated.,choice,project,communication,podling,Apache
Mentor Guide,initialize podling status page,the template contains lists of actions which may be needed to start up a podling. all those which do not apply should be deleted.,choice,project,infrastructure,Apache,podling
Mentor Guide,initialize podling status page,the status page is a useful aid to workflow. volunteers can use it to sign up to the various tasks and monitor their progress.,choice,project,project governance,Apache,podling
Mentor Guide,initialize podling status page,once the mailing lists are set up and prospective committers subscribe then these may be used for discussion.,choice,project,communication,podling,podling
Mentor Guide,resources,"resources should be requested in a particular order, and based on paperwork processed. do not request source repositories before sgas are filed, for instance, if the source code is not already apache licensed or category a licensed.",choice,project,infrastructure,Apache,podling
Mentor Guide,resources,the proposal should include a list of required resources. all of these will require active set up.,choice,project,infrastructure,Apache,podling
Mentor Guide,resources,"some are created by infrastructure after an appropriate request, others can be set up by any ipmc members (typically mentors).",choice,incubation,infrastructure,Apache,podling
Mentor Guide,resources,"infra has a guide that you can use to understand the flow of resource requests, and should be used to guide you in requesting resources.",information,project,infrastructure,Apache,podling
Mentor Guide,infra and the incubator,the first resources to be created are ldap and dns. these should be requested from infra via apache infra jira → create task,choice,incubation,infrastructure,Apache,podling
Mentor Guide,infra and the incubator,"once these items are requested, mailing lists should be created next.",choice,project,infrastructure,Apache,podling
Mentor Guide,request mailing lists,apache mailing lists require volunteer moderators.,position,incubation,Apache governance,Apache,podling
Mentor Guide,request mailing lists,new moderators can be changed later but at least one volunteer is required before the mailing lists can be set up.,choice,project,Apache governance,Apache,podling
Mentor Guide,request mailing lists,moderation is a reasonably easy task though moderators may want to set up spam filtering .,,,,,
Mentor Guide,request mailing lists,having at least three moderators is recommended to spread the load.,choice,project,project governance,Apache,Apache
Mentor Guide,request mailing lists,the proposal should contain the rest of the information that needs to be collected before the mailing lists can be requested.,choice,project,infrastructure,podling,podling
Mentor Guide,request mailing lists,incubator is the responsible top level project. so the domain must be incubator.apache.org .,choice,incubation,infrastructure,Apache,podling
Mentor Guide,request mailing lists,a podling that is already established and using an existing user interaction channel may want to keep those resources around until they feel they have transitioned to the asf successfully.,choice,project,project governance,podling,podling
Mentor Guide,request mailing lists,you will want to discuss this on your existing development lists.,choice,project,project governance,podling,podling
Mentor Guide,request mailing lists,mailing lists creation is a task for the infrastructure team .,choice,incubation,roles and responsibilities,Apache,podling
Mentor Guide,request mailing lists,prospective committers and mentors will need to subscribe. email them once the status file has been updated. inform any existing mailing lists or forums previously used by the project.,choice,project,infrastructure,podling,podling
Mentor Guide,request mailing lists,"once the commits list is created, the project must review the /incubator/${podling} tree, since any commits made prior to the list's creation will have generated no email trail.",choice,project,infrastructure,podling,podling
Mentor Guide,mailing list administration,apache uses ezmlm .,choice,incubation,infrastructure,Apache,Apache
Mentor Guide,mailing list transition,independent mailing lists and groups are perfectly acceptable but development should happen on the official mailing lists at apache.,information,project,project governance,podling,Apache
Mentor Guide,mailing list transition,"if a project has existing mailing lists, forums or groups the community needs to consider their future and plan for the transition to the official apache mailing lists.",choice,project,project governance,podling,Apache
Mentor Guide,mailing list transition,it may be useful to move development first to the official lists followed gradually by the user resources.,choice,project,project governance,podling,Apache
Mentor Guide,mailing list transition,"note that subscribers of external mailing lists will not be automatically subscribed to the new incubator project mailing lists. instead, a note should be posted to the old external mailing list asking them to subscribe to the new list.",information,project,communication,podling,podling
Mentor Guide,mentors must be on the ipmc,mentors must be on the ipmc.,boundary,incubation,pre-requisite,Apache,podling
Mentor Guide,mentors must be on the ipmc,this should be checked prior to beginning incubation.,choice,incubation,pre-requisite,Apache,Apache
Mentor Guide,mentors must be on the ipmc,any prospective mentors who are not yet on the ipmc should ask to be added (by election).,choice,incubation,Apache governance,Apache,Apache
Mentor Guide,mentors must be on the ipmc,email the application to private@incubator.apache.org .,information,incubation,communication,Apache,Apache
Mentor Guide,cla and ccla submission,prospective committers need to submit a contributor license agreement ( cla ).,choice,project,risk mitigation,podling,Apache
Graduation Guide,whether to graduate to subproject or to top level project,"as graduation approaches, this original preference should be reviewed based on where the project is now.",choice,project,project governance,podling,Apache
Graduation Guide,whether to graduate to subproject or to top level project,graduation as a subproject is only possible if the subproject still falls within the scope of the project and requires the consent of the project pmc .,boundary,incubation,Apache governance,podling,Apache
Graduation Guide,whether to graduate to subproject or to top level project,graduation as a project requires the formation of the new project by the board.,boundary,incubation,Apache governance,Apache,Apache
Graduation Guide,whether to graduate to subproject or to top level project,"the ipmc will also express a democratic opinion. for those seeking to graduate to a subproject this vote is to approve the transfer. for those seeking to graduation as a top level project, this will be a recommendation to the board.",aggregation,incubation,Apache governance,Apache,podling
Graduation Guide,before you graduate,"before you start thinking about graduation, you need to make sure you are ready and meet the requirements imposed on apache projects.",choice,project,project governance,podling,podling
Graduation Guide,checking the status file,"before you are able to graduate, all tasks need to be completed.",boundary,project,graduation criteria,podling,podling
Graduation Guide,checking the status file,the incubator pmc will check this file when they vote on the graduation of your project.,scope,incubation,graduation criteria,Apache,podling
Graduation Guide,checking the status file,"once all tasks are done and the listed criteria met, your project may be ready for graduation.",boundary,project,graduation criteria,podling,podling
Graduation Guide,ensure suitable project name and product names,"the ""process for ensuring suitable project and product names"" is mandatory for every podling which wants to graduate.",scope,incubation,graduation criteria,podling,Apache
Graduation Guide,creating an apache release,projects need to cut releases. apache projects need to understand how to cut apache releases.,scope,project,graduation criteria,podling,Apache
Graduation Guide,creating an apache release,"if you are going to cut a release (which is highly recommended), then please read the incubator release management guide for hints, tips and guidelines for cutting a release that will get approved by the ipmc without problems.",information,project,release management,podling,Apache
Graduation Guide,creating an open and diverse community,a major criterion for graduation is to have developed an open and diverse meritocratic community.,scope,incubation,graduation criteria,podling,podling
Graduation Guide,creating an open and diverse community,the openness of the community is not only measured by the number of contributors. open and respectful discussions on the mailing lists are vital.,scope,incubation,risk mitigation,podling,podling
Graduation Guide,creating an open and diverse community,ways to resolve technical conflict without destroying personal relationships must be learned.,scope,incubation,risk mitigation,podling,podling
Graduation Guide,creating an open and diverse community,learning to use mailing lists effectively is very important.,scope,incubation,risk mitigation,podling,podling
Graduation Guide,creating an open and diverse community,the project is considered to have a diverse community when it is not highly dependent on any single contributor (there are at least 3 legally independent committers and there is no single company or entity that is vital to the success of the project).,scope,incubation,risk mitigation,podling,podling
Graduation Guide,creating an open and diverse community,you can mitigate this requirement by admitting more external contributors to your project that have no tie to the single entity.,choice,project,risk mitigation,podling,podling
Graduation Guide,other issues,podlings who are unsure if they are ready to graduate may want to consider completing the apache project maturity model .,choice,project,project governance,podling,podling
Graduation Guide,the graduation process,graduating to a top level project top level projects are created by the board .,choice,incubation,Apache governance,Apache,Apache
Graduation Guide,the graduation process,the incubator project management committee (ipmc) can therefore only recommend to the board that the project is ready to graduate to a top level project.,choice,incubation,Apache governance,Apache,Apache
Graduation Guide,the graduation process,graduation to a top level project requires:,,,,,
Graduation Guide,the graduation process,a charter for your project,boundary,incubation,graduation criteria,podling,podling
Graduation Guide,the graduation process,a positive community graduation vote,aggregation,incubation,graduation criteria,podling,podling
Graduation Guide,the graduation process,a positive ipmc recommendation vote,aggregation,incubation,graduation criteria,Apache,podling
Graduation Guide,the graduation process,the acceptance of the resolution by the board,aggregation,incubation,graduation criteria,Apache,podling
Graduation Guide,community graduation vote,a community needs to be willing to govern itself before it can become a top level project.,boundary,project,graduation criteria,podling,podling
Graduation Guide,community graduation vote,a good way to demonstrate this is through a free vote (by the community) on the graduation proposal. this vote is not a requirement but is recommended.,choice,project,project governance,podling,podling
Graduation Guide,community graduation vote,it is unlikely that ipmc members will vote to approve graduation unless the mentors and community positively express their readiness for graduation.,choice,project,project governance,podling,Apache
Graduation Guide,preparing a charter,"so, in this case a suitable board resolution should be drawn up by the community advised by the mentors .",choice,project,graduation criteria,podling,podling
Graduation Guide,preparing a charter,committers can access the podling template for resolutions in the committers svn repository .,information,project,infrastructure,Apache,podling
Graduation Guide,preparing a charter,your whimsy roster also includes a feature to draft a resolution.,information,project,infrastructure,Apache,podling
Graduation Guide,preparing a charter,the original proposal and the status document should be consulted when creating this document.,information,project,project governance,podling,podling
Graduation Guide,preparing a charter,the board resolution is the ultimate definition of the scope of an apache project.,information,incubation,Apache governance,Apache,Apache
Graduation Guide,preparing a charter,if you read these resolutions you also see that you need to appoint a chair for your project. it is up to the ppmc to choose one person to act as the chair after graduation.,choice,project,project governance,podling,podling
Graduation Guide,the recommendation vote ,the resolution should be proposed on the general incubator list before a vote is started to allow feedback.,choice,project,project governance,Apache,podling
Graduation Guide,the recommendation vote ,"once a consensus has been reached, a vote should be started on the same general incubator list by a member of the ppmc proposing that the ipmc recommends the resolution to the board .",aggregation,project,project governance,Apache,Apache
Graduation Guide,submission of the resolution to the board,top level projects are created by a resolution by the board .,aggregation,incubation,Apache governance,Apache,Apache
Graduation Guide,submission of the resolution to the board,"once the resolution has been finalized and consensus reached, it should be submitted to the board.",choice,incubation,Apache governance,Apache,Apache
Graduation Guide,submission of the resolution to the board,"for inclusion in the agenda for the next meeting, the resolution should be submitted at least 72 hours before that meeting.",choice,incubation,Apache governance,Apache,Apache
Graduation Guide,press releases for new tlps,"once there is clear consensus that the recommendation will happen, a member of the ppmc should contact asf marketing publicity at press(at)apache(dot)org if your project is interested in a formal press release announcing your graduation.",choice,project,communication,Apache,podling
Graduation Guide,press releases for new tlps,this should be done roughly at the same time that the board resolution is sent.,choice,project,communication,,
Graduation Guide,graduating to a subproject,subprojects are accepted by a project management committee.,choice,incubation,Apache governance,Apache,podling
Graduation Guide,graduating to a subproject,the incubator project management committee needs to approve the graduation of the podling to a subproject.,aggregation,incubation,Apache governance,Apache,podling
Graduation Guide,community graduation vote,"becoming a subproject is a voluntary process, and should be accepted by the community becoming a sub-project.",aggregation,project,project governance,podling,podling
Graduation Guide,community graduation vote,"it should be clear to the ppmc and committers for the podling what the make up of the new sub-project should be, e.g. who belongs on the receiving pmc, who will be a committer.",choice,project,project governance,podling,podling
Graduation Guide,community graduation vote,this vote should happen on a public dev list.,information,project,communication,podling,Apache
Graduation Guide,subproject acceptance vote,a formal vote by the project pmc to accept the podling as a subproject is a prerequisite.,aggregation,incubation,Apache governance,Apache,Apache
Graduation Guide,graduation approval vote,"once the accepting tlp have voted to accept the podling and the podling has voted to become a subproject, noticed should be sent to the ipmc via general at incubator.a.o email list indicating that the podling will become a subproject.",information,incubation,communication,podling,podling
Graduation Guide,graduation approval vote,"if after 72 hours no issues are raised, the podling may be considered a subproject of the accepting tlp.",choice,incubation,Apache governance,podling,Apache
Graduation Guide,graduation approval vote,"likewise, if any ipmc member raises an issue, that should be discussed.",choice,incubation,Apache governance,podling,Apache
Graduation Guide,graduation approval vote,"if the issue is addressed, the member raising the issue should indicate they rescind their concerns or otherwise consider them resolved.",choice,incubation,Apache governance,Apache,Apache
Retirement Guide,deciding to retire,"in the vast majority of cases, a podling decides to retire on its own and that decision is later formally ratified by the incubator pmc; very rarely, the ipmc may act unilaterally.",choice,project,project governance,podling,podling
Retirement Guide,deciding to retire,"before the ipmc gets involved, a public discussion and community vote should be held on the podling's dev list. this ensures that all podling stakeholders are properly informed and have the opportunity to participate in the decision.",information,project,risk mitigation,podling,podling
Retirement Guide,deciding to retire,the final decision to retire the podling takes the form of a vote by the ipmc on general@incubator. the vote should be by lazy consensus.,aggregation,incubation,Apache governance,Apache,Apache
Retirement Guide,steps to retirement,"once the ipmc vote to retire the podling has closed, a mentor or other volunteer needs to perform the following steps.",choice,incubation,infrastructure,Apache,Apache
Retirement Guide,steps to retirement,update content/podlings.xml :,,,,,
Retirement Guide,steps to retirement,"update podling status to ""retired"".",,,,,
Retirement Guide,steps to retirement,"add an ""enddate"" attribute set to the date that the ipmc vote concluded.",,,,,
Retirement Guide,steps to retirement,"remove the ""reporting"" element.",,,,,
Retirement Guide,steps to retirement,"add the ""resolution"" element.",,,,,
Retirement Guide,steps to retirement,"update the podling's status page with a prominent message indicating when the podling retired: p span class=""retired"" the ${podling} podling retired on xxxx-xx-xx /span /p .",,,,,
Retirement Guide,steps to retirement,has the copyright checkbox of the podling's incubation status page been checked off?,,,,,
Retirement Guide,steps to retirement,"if not, try to resolve it. if it cannot be resolved, the podling's source code must be removed from version control.",,,,,
Retirement Guide,steps to retirement,"it may be that the podling is moving or returning development elsewhere. if so, then modify the resolution attributes appropriately.",,,,,
Retirement Guide,steps to retirement,"delete the podling's dist dir, so that its releases will no longer be mirrored: svn remove https://dist.apache.org/repos/dist/release/incubator/${podling}",,,,,
Retirement Guide,steps to retirement,create a file retired.txt at the top-level of each podling source repository.,,,,,
Retirement Guide,steps to retirement,add entries to asf-mailer.conf and send mail to cvs at incubator.apache.org,,,,,
Retirement Guide,steps to retirement,remove entries from asf-authorization - this makes the directory rw to the incubator pmc.,,,,,
Retirement Guide,steps to retirement,"after infra modifies the website svn permissions, disable the podling website by installing an .htaccess like this",,,,,
Retirement Guide,steps to retirement,file at the root of the podling website dir which consists of only a redirect to the podling status page.,,,,,
Retirement Guide,steps to retirement,"- when all steps towards retirement are done, announce completeness on general@incubator.",,,,,
Retirement Guide,steps to retirement,- indicate that the podling is closed down in the next board report.,,,,,
Retirement Guide,steps to retirement,the user accounts of the projects committers do not need to be removed.,,,,,
Release Management Guide,what goes into an asf release,a podling community should begin to familiarize themselves with the asf policies for releases.,choice,project,release management,podling,Apache
Release Management Guide,what goes into an asf release,"releases are always produced by an apache pmc, and for podlings, this pmc is the ipmc. this is why it is mandatory to have at least 3 +1 votes from ipmc members.",aggregation,incubation,Apache governance,Apache,Apache
Release Management Guide,what goes into an asf release,"usually, your mentors (who are also ipmc members) will vote on your releases, but if needed, other ipmc members will as well.",aggregation,incubation,Apache governance,Apache,Apache
Release Management Guide,what goes into an asf release,ipmc members will check for compliance with the asf policies and with incubator policies.,choice,incubation,release management,Apache,Apache
Release Management Guide,what goes into an asf release,anybody reviewing your releases will explain what they checked and what they found. they will also rate the severity of any issues. some issues may be blockers. others issues may be resolved in later releases. those voting on the release will base their votes on this information.,information,incubation,release management,Apache,Apache
Release Management Guide,requesting feedback on interim non-asf releases,"we want to welcome projects with active communities. to smooth this process, projects may need to make a few non-asf releases after incubation begins.",choice,project,project governance,Apache,podling
Release Management Guide,requesting feedback on interim non-asf releases,"a non-asf release may or may not be staged on asf infrastructure for a vote, but it is distributed via non-asf infrastructure, and is either not linked from a podling's website, or is linked but clearly marked as a non-asf release.",choice,project,release management,Apache,podling
Release Management Guide,requesting feedback on interim non-asf releases,podlings can use non-asf releases as an opportunity to find asf policy violations and begin resolving them.,choice,project,risk mitigation,Apache,podling
Release Management Guide,requesting feedback on interim non-asf releases,"podlings can request feedback by starting a ""[discuss]"" thread on general@incubator.apache.org. podlings can decide whether they prefer a ""[discuss]"" thread or a ""[vote]"" thread.",choice,project,risk mitigation,podling,podling
Release Management Guide,requesting feedback on interim non-asf releases,discussion should give podlings feedback on what they would need to do to bring their release in line with the requirements of an official asf release.,choice,project,risk mitigation,Apache,podling
Release Management Guide,requesting feedback on interim non-asf releases,podlings will be responsible for capturing feedback in work items for their project.,choice,project,roles and responsibilities,podling,podling
Release Management Guide,requesting feedback on interim non-asf releases,feedback provided in a discussion thread will not block a non-asf release.,choice,project,risk mitigation,Apache,podling
Release Management Guide,requesting feedback on interim non-asf releases,but the asf will not take on legal liability for these releases.,choice,incubation,Apache protection,podling,Apache
Release Management Guide,requesting feedback on interim non-asf releases,a podling will need to successfully make several asf releases before it can graduate from the incubator.,boundary,project,graduation criteria,podling,Apache
Release Management Guide,requesting feedback on interim non-asf releases,asking for feedback for non-asf releases is not obligatory. it is one of the services that the apache incubator offers our podling communities.,choice,project,risk mitigation,Apache,podling
Release Management Guide,podling constraints,the incubator policies applys two additional constraints to podlings for their releases.,,,,,
Release Management Guide,podling constraints,- release artifacts must include incubating in the final file name,choice,project,release management,podling,Apache
Release Management Guide,podling constraints,- release artifacts must include one of two disclaimers,choice,project,risk mitigation,Apache,podling
Release Management Guide,podling constraints,"for a podling to receive full permission from the ipmc to execute the release, the release vote must be held on the incubator general list and pass based on the standard package release voting rules.",aggregation,incubation,Apache governance,Apache,podling
Release Management Guide,podling constraints,"only incubator pmc votes are binding, but everyone is encouraged to vote.",aggregation,incubation,Apache governance,Apache,podling
Release Management Guide,podling constraints,the incubator pmc expects the source releases to be staged on https://dist.apache.org/repos/dist/dev/incubator/$podlingname so that they can easily be moved to the release location via svn mv.,choice,incubation,infrastructure,podling,Apache
Release Management Guide,choice of disclaimers,"when making a release, a podling has a choice of using one of two disclaimers, the standard disclaimer or the work in progress disclaimer.",choice,project,risk mitigation,Apache,podling
Release Management Guide,choice of disclaimers,"if it is your first release, it is recommended that you use the work in progress disclaimer. this disclaimer allows you to list any non-compliance with asf policy and ipmc members are still be able to give your release a +1 vote.",choice,project,risk mitigation,Apache,podling
Release Management Guide,choice of disclaimers,"any releases using the work in progress disclaimer must still be legal and follow the terms of any 3rd party licenses, even if they are not compatible with the apache license.",choice,project,Apache protection,podling,Apache
Release Management Guide,choice of disclaimers,"by the time you graduate all issues listed in the disclaimer need to have been corrected, and you must use the standard disclaimer text.",choice,project,graduation criteria,podling,Apache
Release Management Guide,choice of disclaimers,"if a podling chooses uses the standards disclaimer, then the release must comply with all asf policies.",choice,project,Apache protection,podling,Apache